{
  "id":110,
  "device": "cuda:0",
  "num_train": 10000,
  "seed": 10,
  "stage": 1,
  "model_type": "mad-pinn",
  "pde": "burger",
  "latent_size": 16,
  "latent_reg": 0,
  "num_layers": 7,
  "use_cell": false,
  "n_cells": 16,
  "cell_dim": 4,
  "cell_size_t": 16,
  "cell_size_x": 16,
  "in_dim": 2,
  "out_dim": 1,
  "hidden_dim": 128,
  "random_f": false,
  "num_ic": 100,
  "num_bc": 100,
  "lower_bound": 1e-3,
  "upper_bound": 0.1,
  "tag": "",
  "params": [0.0001011637979766207, 0.0001059560179277616, 0.00015343684089300132, 0.0006747544053110693, 0.0009771241535346503, 0.0029673024081888696, 0.00429700470432084, 0.006222570836730231, 0.01304901978014403, 0.02736439997074672, 0.03962688638701478, 0.05738441648302393, 0.08309941949353396, 0.1],
  "f_scale": 0.1,
  "optim": "adam",
  "lr": 5e-4,
  "max_iter": 20000,
  "nu": 0.0001,
  "nus": [],
  "fine_tune_iter": 1,
  "iter_budget": 0,
  "gradual_sampling": false,
  "test_nus": [0.0002221946860939524, 0.0003217641750250735, 0.0004659525668664682, 0.0014149912974345759, 0.0020490746898158482, 0.009011018251665018, 0.018896523396912095],
  "data_path": "Burger/Data/Burger_full/",
  "validating": {
    "num_ic": 5000,
    "num_bc": 5000,
    "num_res": 1000,
    "f_scale": 0.1
  },

  "sampler":{
    "types": ["uniform", "dats", "self_pace", "self_pace_gdro"],
    "type": "uniform",
    "n_way": 5,
    "use_all": true,
    "eta": 10,
    "residual_sampling": true,
    "kl": "uniform",
    "epsilon": 0.01,
    "period": 200
  },
  "selectnet": {
    "hidden_dim": [64]
  },

  "residual_sampler":{
    "types": ["fixed", "random", "rad"],
    "type": "fixed",
    "adaptive_type": "non_gradual",
    "period": 1
  },

  "loss":{
    "mse_treshold": [1e-1, 5e-2, 1e-2, 5e-3, 1e-3, 5e-4, 1e-4, 5e-5, 1e-5],
    "l2_treshold": [5e-1, 3e-1, 1e-1, 1e-2],
    "loss_no_improve_steps": 30
  }
}
