{"0.0010234114021054528": 0.4926329635461592, "0.001552225357427048": 0.491524087215154, "0.0023542864143224177": 0.4930210283018356, "0.003570785964900463": 0.4844378279911449, "0.0054158713780794706": 0.477239655113155, "0.00821434358491943": 0.4648490953933332, "0.012458833642950081": 0.4474842212545409, "0.018896523396912095": 0.417646887051992, "0.0286606761694825": 0.3760256514909887, "0.043470131581250265": 0.3161029392899904, "0.06593188271333549": 0.24034071734158968, "0.1": 0.19901770533469088}