{"0.001956398343517065": 1.0015742701844144, "0.0059411339849650335": 1.0016550524544046, "0.00821434358491943": 1.0016947034646766, "0.013667163564620072": 1.0016733073263446, "0.04768611697714469": 1.001548301766107, "0.07232633896483534": 1.002193425547493}